{"filesMd5":[{"page":"/config/index.js","md5":"77bb70c33635d65149ae156f64d0c9f8"},{"page":"/pages/demo/assets/index.js","md5":"935ef6a4a5ef77685a7975773e91f647"},{"page":"/pages/demo/bmcalendar/index.js","md5":"c44ed6fd4195067212a0296aee7762b6"},{"page":"/pages/demo/bmchart/index.js","md5":"522acb6d25f8a17d82f23dd7db708a35"},{"page":"/mediator/index.js","md5":"97ca022707453aae96ca08664b571ae9"},{"page":"/pages/demo/bmrichtext/index.js","md5":"64d5c7e3db1239c7e50508b37e15b521"},{"page":"/pages/demo/event/a.js","md5":"dae26d29a0c8b9528274ca154026abc6"},{"page":"/pages/demo/event/b.js","md5":"e5062bfd4ebf59d1181ddcebb706790a"},{"page":"/pages/demo/font/index.js","md5":"118cfa269633bc12273b74b78e409fdc"},{"page":"/pages/demo/globalAttr/index.js","md5":"d28cbfe87a899939180b99f2a6eb451f"},{"page":"/pages/demo/image/index.js","md5":"490be001de9f910cbdb141d4769b65cf"},{"page":"/pages/demo/inputExtend/index.js","md5":"6deb9471b9b552007f2c83348548de68"},{"page":"/pages/demo/lifecycle/index.js","md5":"5a8a4d1fba4293ac917073d6de1c801a"},{"page":"/pages/demo/notice/index.js","md5":"1761e8f306e2c6f6b18a9b3f8dab52ff"},{"page":"/pages/demo/index.js","md5":"b2bfd0547b714f55f75b91836605337f"},{"page":"/pages/demo/other/bindingx.js","md5":"6ef6e2d63773d5bb73212c6c951a75dc"},{"page":"/pages/demo/other/bui.js","md5":"f1432d12b1b8ca37a87accc02b469346"},{"page":"/pages/demo/refresh/index.js","md5":"e5b39ac757f1f5494d27ac1da89ee704"},{"page":"/pages/demo/other/weexui.js","md5":"60617f154374a84daa3de936fe0cafc8"},{"page":"/pages/demo/router/home.js","md5":"008a7988ac53333f7865aea94bd3fb02"},{"page":"/pages/demo/router/index.js","md5":"73a019ba10673b5e10b5a2a3d6f56525"},{"page":"/pages/demo/storage/index.js","md5":"21d8d86be8afed5609af9f0f53d91797"},{"page":"/pages/iapppay/home/home.js","md5":"af892f410cec7141aafccb57431de21f"},{"page":"/pages/iapppay/pay/pay.js","md5":"7abba583363f4a6d47fe8cef4770ceb0"},{"page":"/iconfont/font_1469606063_76593.ttf","md5":"f6222bcfedff4a817bb50df7a049d1db"},{"page":"/iconfont/font_1469606522_9417143.woff","md5":"6cf5490fd14ff83350ff952bb5b8e484"},{"page":"/iconfont/font_zn5b3jswpofuhaor.ttf","md5":"c0356b22e8235d2b0be8880cc81894cc"},{"page":"/iconfont/iconfont-eros.ttf","md5":"68780fad0047dc5b02cb613ebb08cda1"},{"page":"/iconfont/iconfont.ttf","md5":"ec86bfe5bdb872bad2b2af4f11da14f4"},{"page":"/assets/demo.jpg","md5":"332c4e7d5398207c1b49750369a72848"}],"android":"1.0.0","iOS":"1.0.0","appName":"iapppay","jsVersion":"d27dc6bb735268bda1b3516223ae591f","timestamp":1526540044662,"jsPath":"https://app.weex-eros.com/source"}
